time,class,cpu,mem
2015-01-01 19:03:32,flavor15,16,65536
2015-01-01 19:03:34,flavor15,16,65536
2015-01-01 23:26:04,flavor8,4,8192
2015-01-02 18:25:23,flavor2,1,2048
2015-01-02 21:03:49,flavor8,4,8192
2015-01-02 22:21:11,flavor15,16,65536
2015-01-02 22:22:06,flavor15,16,65536
2015-01-03 01:35:30,flavor6,2,8192
2015-01-03 04:29:18,flavor12,8,32768
2015-01-03 04:29:45,flavor12,8,32768
2015-01-03 04:29:54,flavor15,16,65536
2015-01-03 04:30:14,flavor12,8,32768
2015-01-05 18:31:07,flavor8,4,8192
2015-01-06 17:34:57,flavor11,8,16384
2015-01-06 17:34:59,flavor11,8,16384
2015-01-06 17:35:07,flavor11,8,16384
2015-01-06 17:35:07,flavor11,8,16384
2015-01-06 17:48:33,flavor17,32,65536
2015-01-06 22:08:21,flavor9,4,16384
2015-01-06 22:22:07,flavor6,2,8192
2015-01-07 01:35:55,flavor9,4,16384
2015-01-07 03:16:03,flavor15,16,65536
2015-01-07 04:31:16,flavor8,4,8192
2015-01-07 04:31:24,flavor12,8,32768
2015-01-07 04:31:34,flavor12,8,32768
2015-01-07 04:31:52,flavor12,8,32768
2015-01-07 04:31:53,flavor12,8,32768
2015-01-07 04:31:53,flavor12,8,32768
2015-01-08 00:30:33,flavor8,4,8192
2015-01-08 03:02:11,flavor9,4,16384
2015-01-09 00:19:17,flavor12,8,32768
2015-01-09 00:36:27,flavor11,8,16384
2015-01-09 20:40:27,flavor23,128,262144
2015-01-09 20:40:46,flavor23,128,262144
2015-01-09 20:42:54,flavor12,8,32768
2015-01-09 20:42:55,flavor12,8,32768
2015-01-09 20:42:56,flavor12,8,32768
2015-01-09 20:43:03,flavor12,8,32768
2015-01-09 21:03:37,flavor14,16,32768
2015-01-09 22:16:41,flavor14,16,32768
2015-01-09 22:16:51,flavor14,16,32768
2015-01-09 22:16:51,flavor14,16,32768
2015-01-09 22:16:51,flavor14,16,32768
2015-01-09 22:17:00,flavor14,16,32768
2015-01-09 22:17:00,flavor14,16,32768
2015-01-09 22:17:00,flavor14,16,32768
2015-01-09 22:17:00,flavor14,16,32768
2015-01-09 22:17:00,flavor14,16,32768
2015-01-09 22:17:00,flavor14,16,32768
2015-01-09 22:17:09,flavor14,16,32768
2015-01-09 22:17:09,flavor14,16,32768
2015-01-09 22:17:09,flavor14,16,32768
2015-01-09 22:17:09,flavor14,16,32768
2015-01-09 22:17:09,flavor14,16,32768
2015-01-09 22:17:09,flavor14,16,32768
2015-01-09 22:17:18,flavor14,16,32768
2015-01-09 22:17:18,flavor14,16,32768
2015-01-09 22:17:27,flavor14,16,32768
2015-01-09 22:17:27,flavor14,16,32768
2015-01-10 00:05:41,flavor3,1,4096
2015-01-10 00:07:15,flavor3,1,4096
2015-01-10 18:32:14,flavor11,8,16384
2015-01-12 00:19:55,flavor3,1,4096
2015-01-12 00:28:33,flavor21,64,262144
2015-01-12 00:29:01,flavor9,4,16384
2015-01-12 18:38:48,flavor4,2,2048
2015-01-12 19:31:03,flavor9,4,16384
2015-01-13 19:28:44,flavor12,8,32768
2015-01-13 19:28:45,flavor12,8,32768
2015-01-13 19:28:53,flavor12,8,32768
2015-01-13 19:29:03,flavor12,8,32768
2015-01-13 19:29:11,flavor12,8,32768
2015-01-13 19:29:13,flavor12,8,32768
2015-01-13 19:29:23,flavor12,8,32768
2015-01-13 19:29:30,flavor12,8,32768
2015-01-13 23:07:25,flavor5,2,4096
2015-01-13 23:07:51,flavor5,2,4096
2015-01-13 23:07:52,flavor5,2,4096
2015-01-13 23:08:02,flavor5,2,4096
2015-01-13 23:08:03,flavor5,2,4096
2015-01-13 23:08:12,flavor5,2,4096
2015-01-13 23:39:40,flavor5,2,4096
2015-01-13 23:39:50,flavor5,2,4096
2015-01-13 23:39:50,flavor5,2,4096
2015-01-13 23:39:50,flavor5,2,4096
2015-01-13 23:39:50,flavor5,2,4096
2015-01-13 23:39:59,flavor6,2,8192
2015-01-13 23:40:00,flavor5,2,4096
2015-01-13 23:40:08,flavor8,4,8192
2015-01-13 23:40:18,flavor8,4,8192
2015-01-13 23:40:19,flavor8,4,8192
2015-01-13 23:40:29,flavor8,4,8192
2015-01-14 00:05:39,flavor5,2,4096
2015-01-14 00:06:26,flavor5,2,4096
2015-01-14 00:06:52,flavor7,4,4096
2015-01-14 17:56:15,flavor14,16,32768
2015-01-14 17:56:15,flavor14,16,32768
2015-01-14 17:56:24,flavor14,16,32768
2015-01-14 17:56:24,flavor14,16,32768
2015-01-14 17:56:33,flavor14,16,32768
2015-01-14 17:56:33,flavor14,16,32768
2015-01-14 20:10:19,flavor15,16,65536
2015-01-14 20:52:39,flavor15,16,65536
2015-01-14 20:53:55,flavor15,16,65536
2015-01-14 20:56:04,flavor15,16,65536
2015-01-14 21:00:32,flavor15,16,65536
2015-01-14 23:18:28,flavor15,16,65536
2015-01-14 23:23:15,flavor15,16,65536
2015-01-14 23:57:43,flavor12,8,32768
2015-01-15 00:02:02,flavor15,16,65536
2015-01-15 00:03:14,flavor4,2,2048
2015-01-15 00:04:29,flavor15,16,65536
2015-01-15 00:05:26,flavor15,16,65536
2015-01-15 00:07:52,flavor9,4,16384
2015-01-15 00:08:40,flavor15,16,65536
2015-01-15 00:11:36,flavor15,16,65536
2015-01-15 00:13:27,flavor15,16,65536
2015-01-15 00:25:49,flavor15,16,65536
2015-01-15 00:25:50,flavor15,16,65536
2015-01-15 00:27:57,flavor15,16,65536
2015-01-15 00:30:35,flavor15,16,65536
2015-01-15 00:33:22,flavor15,16,65536
2015-01-15 00:34:55,flavor15,16,65536
2015-01-15 00:37:06,flavor15,16,65536
2015-01-15 00:38:56,flavor15,16,65536
2015-01-15 01:31:16,flavor8,4,8192
2015-01-15 21:42:40,flavor8,4,8192
2015-01-16 00:13:51,flavor8,4,8192
2015-01-16 00:14:48,flavor15,16,65536
2015-01-16 00:14:55,flavor15,16,65536
2015-01-16 00:14:55,flavor15,16,65536
2015-01-16 00:15:04,flavor15,16,65536
2015-01-16 00:16:46,flavor12,8,32768
2015-01-16 00:16:57,flavor12,8,32768
2015-01-16 00:17:06,flavor12,8,32768
2015-01-16 01:58:42,flavor18,32,131072
2015-01-16 17:22:26,flavor12,8,32768
2015-01-16 17:22:36,flavor12,8,32768
2015-01-16 17:35:29,flavor9,4,16384
2015-01-16 17:35:31,flavor9,4,16384
2015-01-16 17:35:38,flavor9,4,16384
2015-01-16 17:43:31,flavor9,4,16384
2015-01-16 17:45:06,flavor8,4,8192
2015-01-16 17:46:31,flavor9,4,16384
2015-01-16 17:46:32,flavor9,4,16384
2015-01-16 22:21:34,flavor5,2,4096
2015-01-16 23:26:50,flavor8,4,8192
2015-01-19 19:07:17,flavor3,1,4096
2015-01-19 22:08:18,flavor15,16,65536
2015-01-20 00:13:12,flavor6,2,8192
2015-01-20 00:13:22,flavor8,4,8192
2015-01-20 00:13:23,flavor6,2,8192
2015-01-20 00:13:23,flavor6,2,8192
2015-01-20 00:13:32,flavor11,8,16384
2015-01-20 00:13:32,flavor9,4,16384
2015-01-20 01:47:22,flavor8,4,8192
2015-01-20 03:07:26,flavor5,2,4096
2015-01-20 03:07:27,flavor5,2,4096
2015-01-20 18:33:59,flavor11,8,16384
2015-01-20 18:35:04,flavor11,8,16384
2015-01-20 18:37:05,flavor11,8,16384
2015-01-20 18:55:10,flavor8,4,8192
2015-01-20 18:55:11,flavor8,4,8192
2015-01-20 19:00:19,flavor11,8,16384
2015-01-20 19:23:02,flavor5,2,4096
2015-01-22 01:27:35,flavor11,8,16384
2015-01-22 01:28:59,flavor11,8,16384
2015-01-22 03:05:59,flavor14,16,32768
2015-01-22 21:34:30,flavor2,1,2048
2015-01-22 21:34:32,flavor2,1,2048
2015-01-22 23:53:25,flavor4,2,2048
2015-01-23 07:44:59,flavor11,8,16384
2015-01-23 17:29:18,flavor11,8,16384
2015-01-23 17:29:26,flavor11,8,16384
2015-01-23 17:47:24,flavor3,1,4096
2015-01-24 02:00:40,flavor12,8,32768
2015-01-25 01:44:42,flavor14,16,32768
2015-01-25 01:44:43,flavor14,16,32768
2015-01-25 01:44:43,flavor14,16,32768
2015-01-25 01:44:52,flavor14,16,32768
2015-01-25 01:44:52,flavor14,16,32768
2015-01-25 01:44:52,flavor14,16,32768
2015-01-25 01:44:52,flavor14,16,32768
2015-01-25 01:45:01,flavor14,16,32768
2015-01-27 19:39:54,flavor5,2,4096
2015-01-28 19:03:36,flavor8,4,8192
2015-01-28 22:24:40,flavor5,2,4096
2015-01-28 23:50:22,flavor6,2,8192
2015-01-29 23:25:11,flavor5,2,4096
2015-01-29 23:25:22,flavor8,4,8192
2015-01-29 23:25:40,flavor8,4,8192
2015-01-29 23:26:00,flavor8,4,8192
2015-01-30 00:02:38,flavor8,4,8192
2015-01-30 00:02:47,flavor8,4,8192
2015-02-01 03:20:36,flavor11,8,16384
2015-02-01 03:20:36,flavor11,8,16384
2015-02-01 03:20:36,flavor11,8,16384
2015-02-01 03:20:37,flavor11,8,16384
2015-02-01 03:20:37,flavor11,8,16384
2015-02-02 18:51:25,flavor3,1,4096
2015-02-02 23:38:30,flavor2,1,2048
2015-02-02 23:52:38,flavor18,32,131072
2015-02-02 23:53:43,flavor18,32,131072
2015-02-03 05:41:38,flavor5,2,4096
2015-02-03 17:24:50,flavor5,2,4096
2015-02-03 17:25:00,flavor7,4,4096
2015-02-03 17:25:00,flavor5,2,4096
2015-02-03 17:25:02,flavor6,2,8192
2015-02-03 17:25:10,flavor6,2,8192
2015-02-03 17:25:28,flavor6,2,8192
2015-02-03 17:25:37,flavor8,4,8192
2015-02-03 17:25:37,flavor6,2,8192
2015-02-03 17:25:37,flavor6,2,8192
2015-02-03 17:26:43,flavor6,2,8192
2015-02-03 18:45:58,flavor14,16,32768
2015-02-03 20:22:22,flavor9,4,16384
2015-02-03 21:14:26,flavor11,8,16384
2015-02-03 21:19:32,flavor14,16,32768
2015-02-03 21:19:42,flavor11,8,16384
2015-02-04 04:47:00,flavor2,1,2048
2015-02-04 19:20:59,flavor5,2,4096
2015-02-05 00:19:47,flavor11,8,16384
2015-02-05 00:19:47,flavor11,8,16384
2015-02-05 00:19:58,flavor11,8,16384
2015-02-05 00:19:58,flavor11,8,16384
2015-02-05 00:19:58,flavor11,8,16384
2015-02-05 00:19:59,flavor11,8,16384
2015-02-05 00:20:45,flavor8,4,8192
2015-02-05 00:20:45,flavor8,4,8192
2015-02-05 00:21:22,flavor14,16,32768
2015-02-05 00:21:22,flavor14,16,32768
2015-02-05 03:38:11,flavor8,4,8192
2015-02-05 03:38:20,flavor8,4,8192
2015-02-05 03:38:20,flavor8,4,8192
2015-02-05 03:38:21,flavor8,4,8192
2015-02-05 03:38:30,flavor8,4,8192
2015-02-05 03:39:53,flavor8,4,8192
2015-02-05 03:40:02,flavor8,4,8192
2015-02-05 03:40:03,flavor8,4,8192
2015-02-05 03:40:13,flavor8,4,8192
2015-02-05 03:49:38,flavor22,128,131072
2015-02-05 20:55:49,flavor6,2,8192
2015-02-05 20:55:50,flavor6,2,8192
2015-02-05 22:00:49,flavor3,1,4096
2015-02-05 22:00:59,flavor3,1,4096
2015-02-05 23:13:58,flavor11,8,16384
2015-02-06 03:10:06,flavor4,2,2048
2015-02-06 03:34:47,flavor5,2,4096
2015-02-06 03:34:57,flavor5,2,4096
2015-02-06 03:34:58,flavor8,4,8192
2015-02-06 19:02:42,flavor5,2,4096
2015-02-06 22:06:40,flavor14,16,32768
2015-02-06 22:06:40,flavor14,16,32768
2015-02-06 22:06:40,flavor14,16,32768
2015-02-06 22:07:54,flavor14,16,32768
2015-02-08 00:25:40,flavor8,4,8192
2015-02-08 21:16:40,flavor5,2,4096
2015-02-08 22:58:15,flavor15,16,65536
2015-02-08 23:53:39,flavor12,8,32768
2015-02-09 00:00:27,flavor9,4,16384
2015-02-09 00:01:49,flavor9,4,16384
2015-02-09 01:33:10,flavor12,8,32768
2015-02-09 01:41:49,flavor12,8,32768
2015-02-09 02:20:14,flavor18,32,131072
2015-02-09 02:23:20,flavor12,8,32768
2015-02-09 02:27:59,flavor9,4,16384
2015-02-09 17:55:27,flavor12,8,32768
2015-02-09 17:55:27,flavor12,8,32768
2015-02-09 17:55:35,flavor12,8,32768
2015-02-10 00:59:30,flavor8,4,8192
2015-02-10 01:36:31,flavor9,4,16384
2015-02-10 02:04:55,flavor1,1,1024
2015-02-10 02:06:08,flavor1,1,1024
2015-02-10 02:55:22,flavor2,1,2048
2015-02-10 02:56:17,flavor2,1,2048
2015-02-10 03:57:34,flavor9,4,16384
2015-02-10 04:07:45,flavor8,4,8192
2015-02-10 04:11:34,flavor8,4,8192
2015-02-11 18:39:55,flavor13,16,16384
2015-02-11 19:13:16,flavor11,8,16384
2015-02-11 19:56:02,flavor11,8,16384
2015-02-11 22:09:51,flavor22,128,131072
2015-02-11 22:10:01,flavor22,128,131072
2015-02-11 22:10:37,flavor22,128,131072
2015-02-11 22:13:53,flavor22,128,131072
2015-02-11 22:14:02,flavor22,128,131072
2015-02-11 22:14:03,flavor22,128,131072
2015-02-11 22:18:39,flavor9,4,16384
2015-02-12 00:12:42,flavor3,1,4096
2015-02-12 00:18:33,flavor7,4,4096
2015-02-12 00:40:40,flavor2,1,2048
2015-02-12 00:43:36,flavor2,1,2048
2015-02-12 01:40:24,flavor11,8,16384
2015-02-12 02:02:53,flavor7,4,4096
2015-02-12 02:04:26,flavor8,4,8192
2015-02-12 02:08:08,flavor8,4,8192
2015-02-12 02:08:45,flavor8,4,8192
2015-02-12 17:29:14,flavor8,4,8192
2015-02-12 18:01:40,flavor8,4,8192
2015-02-12 18:01:40,flavor8,4,8192
2015-02-12 18:01:48,flavor8,4,8192
2015-02-12 18:51:10,flavor7,4,4096
2015-02-12 19:02:16,flavor7,4,4096
2015-02-12 23:02:11,flavor12,8,32768
2015-02-12 23:04:21,flavor12,8,32768
2015-02-13 01:38:15,flavor11,8,16384
2015-02-13 01:38:16,flavor9,4,16384
2015-02-13 01:38:16,flavor9,4,16384
2015-02-13 01:38:17,flavor11,8,16384
2015-02-13 18:23:02,flavor7,4,4096
2015-02-13 18:25:03,flavor7,4,4096
2015-02-13 18:53:54,flavor7,4,4096
2015-02-13 18:53:54,flavor7,4,4096
2015-02-13 19:09:48,flavor5,2,4096
2015-02-13 19:12:54,flavor7,4,4096
2015-02-13 19:15:03,flavor7,4,4096
2015-02-13 19:18:27,flavor7,4,4096
2015-02-13 19:20:46,flavor7,4,4096
2015-02-14 00:42:33,flavor6,2,8192
2015-02-14 00:42:33,flavor5,2,4096
2015-02-14 00:42:34,flavor6,2,8192
2015-02-14 00:42:45,flavor6,2,8192
2015-02-14 00:42:54,flavor5,2,4096
2015-02-14 00:55:22,flavor9,4,16384
2015-02-15 12:36:55,flavor1,1,1024
2015-02-16 18:38:48,flavor11,8,16384
2015-02-16 21:26:02,flavor7,4,4096
2015-02-16 22:16:23,flavor3,1,4096
2015-02-16 23:04:52,flavor8,4,8192
2015-02-17 03:51:48,flavor11,8,16384
2015-02-17 17:22:11,flavor12,8,32768
2015-02-17 19:00:17,flavor9,4,16384
2015-02-17 19:00:17,flavor9,4,16384
2015-02-17 19:00:44,flavor9,4,16384
2015-02-17 20:21:30,flavor7,4,4096
2015-02-17 20:21:48,flavor7,4,4096
2015-02-17 20:52:12,flavor10,8,8192
2015-02-17 20:59:57,flavor10,8,8192
2015-02-17 21:04:33,flavor10,8,8192
2015-02-18 01:03:51,flavor8,4,8192
2015-02-18 01:04:02,flavor8,4,8192
2015-02-18 01:04:02,flavor8,4,8192
2015-02-18 01:04:02,flavor8,4,8192
2015-02-18 01:04:10,flavor8,4,8192
2015-02-18 01:04:11,flavor8,4,8192
2015-02-18 01:04:12,flavor8,4,8192
2015-02-18 01:04:12,flavor8,4,8192
2015-02-18 01:04:20,flavor8,4,8192
2015-02-18 01:04:21,flavor8,4,8192
2015-02-18 01:04:28,flavor8,4,8192
2015-02-18 01:04:28,flavor8,4,8192
2015-02-18 01:04:30,flavor8,4,8192
2015-02-18 01:04:30,flavor8,4,8192
2015-02-18 01:04:38,flavor8,4,8192
2015-02-18 01:04:40,flavor8,4,8192
2015-02-18 01:04:48,flavor8,4,8192
2015-02-18 01:04:48,flavor8,4,8192
2015-02-18 01:04:49,flavor8,4,8192
2015-02-18 01:04:49,flavor8,4,8192
2015-02-18 01:05:33,flavor8,4,8192
2015-02-18 01:05:34,flavor8,4,8192
2015-02-18 01:55:27,flavor8,4,8192
2015-02-18 01:55:27,flavor8,4,8192
2015-02-18 02:28:12,flavor10,8,8192
2015-02-18 23:57:15,flavor8,4,8192
2015-02-18 23:57:42,flavor9,4,16384
2015-02-18 23:57:52,flavor8,4,8192
2015-02-18 23:58:39,flavor8,4,8192
2015-02-19 02:13:38,flavor9,4,16384
2015-02-19 19:05:29,flavor2,1,2048
2015-02-19 19:05:38,flavor2,1,2048
2015-02-20 00:20:40,flavor9,4,16384
2015-02-20 00:22:02,flavor7,4,4096
2015-02-20 02:46:26,flavor3,1,4096
2015-02-20 03:42:58,flavor15,16,65536
2015-02-20 03:42:59,flavor15,16,65536
2015-02-20 17:52:31,flavor17,32,65536
2015-02-20 17:52:40,flavor17,32,65536
2015-02-20 17:52:42,flavor17,32,65536
2015-02-20 18:11:30,flavor14,16,32768
2015-02-20 18:11:50,flavor14,16,32768
2015-02-20 18:12:24,flavor14,16,32768
2015-02-20 18:12:24,flavor14,16,32768
2015-02-20 18:12:24,flavor14,16,32768
2015-02-20 18:12:33,flavor14,16,32768
2015-02-20 18:12:34,flavor14,16,32768
2015-02-20 18:53:09,flavor11,8,16384
2015-02-20 18:53:29,flavor12,8,32768
2015-02-20 18:54:38,flavor11,8,16384
2015-02-20 18:54:54,flavor11,8,16384
2015-02-20 18:55:02,flavor11,8,16384
2015-02-20 19:07:16,flavor8,4,8192
2015-02-20 19:07:34,flavor8,4,8192
2015-02-21 19:42:09,flavor3,1,4096
2015-02-21 20:19:15,flavor9,4,16384
2015-02-21 20:19:32,flavor9,4,16384
2015-02-22 18:21:52,flavor3,1,4096
2015-02-23 19:13:52,flavor9,4,16384
2015-02-23 19:15:06,flavor9,4,16384
2015-02-23 19:31:50,flavor9,4,16384
2015-02-23 19:31:57,flavor9,4,16384
2015-02-23 19:32:17,flavor9,4,16384
2015-02-23 23:48:06,flavor11,8,16384
2015-02-24 00:48:08,flavor7,4,4096
2015-02-24 01:00:21,flavor9,4,16384
2015-02-24 03:19:32,flavor10,8,8192
2015-02-24 03:25:12,flavor10,8,8192
2015-02-24 17:18:29,flavor5,2,4096
2015-02-24 21:56:43,flavor8,4,8192
2015-02-24 22:03:12,flavor2,1,2048
2015-02-24 22:04:12,flavor2,1,2048
2015-02-24 22:04:20,flavor2,1,2048
2015-02-24 22:07:41,flavor8,4,8192
2015-02-25 00:21:44,flavor8,4,8192
2015-02-25 02:10:59,flavor5,2,4096
2015-02-25 23:25:06,flavor8,4,8192
2015-02-26 00:44:55,flavor2,1,2048
2015-02-26 00:44:56,flavor2,1,2048
2015-02-26 21:51:13,flavor2,1,2048
2015-02-26 21:51:22,flavor2,1,2048
2015-02-26 21:53:02,flavor2,1,2048
2015-02-26 21:53:04,flavor2,1,2048
2015-02-26 21:53:21,flavor2,1,2048
2015-02-26 21:53:48,flavor2,1,2048
2015-02-26 21:54:16,flavor2,1,2048
2015-02-26 21:56:27,flavor2,1,2048
2015-02-26 23:31:05,flavor9,4,16384
2015-02-26 23:31:15,flavor9,4,16384
2015-02-26 23:31:25,flavor9,4,16384
2015-02-26 23:31:52,flavor9,4,16384
2015-02-26 23:31:52,flavor9,4,16384
2015-02-26 23:32:28,flavor9,4,16384
2015-02-27 01:00:00,flavor5,2,4096
2015-02-27 01:00:01,flavor5,2,4096
2015-02-27 02:10:24,flavor3,1,4096
2015-02-27 02:33:26,flavor8,4,8192
2015-02-27 02:34:21,flavor10,8,8192
2015-02-27 02:34:21,flavor10,8,8192
2015-02-27 17:45:46,flavor5,2,4096
2015-02-27 17:45:46,flavor9,4,16384
2015-02-27 17:45:53,flavor9,4,16384
2015-02-27 17:45:53,flavor9,4,16384
2015-02-27 17:45:54,flavor5,2,4096
2015-02-27 17:45:55,flavor9,4,16384
2015-02-27 18:00:33,flavor5,2,4096
2015-02-27 18:00:43,flavor5,2,4096
2015-02-27 18:00:44,flavor5,2,4096
2015-02-27 18:00:44,flavor5,2,4096
2015-02-27 18:00:51,flavor6,2,8192
2015-02-27 18:03:38,flavor6,2,8192
2015-02-27 18:14:19,flavor9,4,16384
2015-02-27 18:14:37,flavor9,4,16384
2015-02-27 18:14:55,flavor6,2,8192
2015-02-27 18:15:04,flavor9,4,16384
2015-02-27 18:15:05,flavor9,4,16384
2015-02-27 18:15:53,flavor9,4,16384
2015-02-27 18:30:32,flavor5,2,4096
2015-02-27 18:30:51,flavor6,2,8192
2015-02-27 18:42:34,flavor5,2,4096
2015-02-27 18:42:42,flavor8,4,8192
2015-02-27 18:51:40,flavor1,1,1024
2015-02-27 18:51:41,flavor1,1,1024
2015-02-27 19:03:42,flavor5,2,4096
2015-02-27 19:03:51,flavor6,2,8192
2015-02-27 19:04:02,flavor9,4,16384
2015-02-27 19:04:12,flavor5,2,4096
2015-02-28 17:43:39,flavor8,4,8192
2015-02-28 17:43:40,flavor8,4,8192
2015-02-28 17:43:40,flavor8,4,8192
2015-02-28 17:43:47,flavor8,4,8192
2015-02-28 17:43:48,flavor8,4,8192
2015-02-28 17:43:48,flavor8,4,8192
2015-02-28 17:43:48,flavor8,4,8192
2015-03-01 18:12:28,flavor5,2,4096
2015-03-01 18:12:37,flavor5,2,4096
2015-03-01 18:12:38,flavor8,4,8192
2015-03-01 18:12:39,flavor5,2,4096
2015-03-01 18:12:46,flavor8,4,8192
2015-03-01 18:12:46,flavor5,2,4096
2015-03-01 18:12:48,flavor5,2,4096
2015-03-01 18:12:48,flavor8,4,8192
2015-03-01 18:43:49,flavor5,2,4096
2015-03-01 18:43:57,flavor9,4,16384
2015-03-01 18:44:08,flavor9,4,16384
2015-03-01 19:00:40,flavor8,4,8192
2015-03-01 19:00:57,flavor8,4,8192
2015-03-01 19:00:58,flavor8,4,8192
2015-03-01 19:01:01,flavor8,4,8192
2015-03-01 19:01:07,flavor8,4,8192
2015-03-01 19:01:07,flavor8,4,8192
2015-03-01 19:23:10,flavor8,4,8192
2015-03-01 19:23:19,flavor8,4,8192
2015-03-01 19:23:29,flavor9,4,16384
2015-03-01 19:23:30,flavor9,4,16384
2015-03-01 19:25:38,flavor5,2,4096
2015-03-01 19:25:39,flavor5,2,4096
2015-03-01 19:25:59,flavor5,2,4096
2015-03-01 19:26:07,flavor5,2,4096
2015-03-01 19:28:53,flavor8,4,8192
2015-03-01 19:28:55,flavor8,4,8192
2015-03-01 19:29:03,flavor9,4,16384
2015-03-01 19:29:04,flavor9,4,16384
2015-03-01 19:29:11,flavor8,4,8192
2015-03-01 22:13:08,flavor7,4,4096
2015-03-01 22:13:15,flavor7,4,4096
2015-03-01 22:13:16,flavor8,4,8192
2015-03-01 22:13:17,flavor7,4,4096
2015-03-01 22:13:35,flavor7,4,4096
2015-03-01 22:13:54,flavor8,4,8192
2015-03-01 22:14:50,flavor5,2,4096
2015-03-01 22:14:58,flavor5,2,4096
2015-03-01 22:15:07,flavor5,2,4096
2015-03-01 22:15:07,flavor5,2,4096
2015-03-01 22:16:21,flavor5,2,4096
2015-03-01 22:16:22,flavor5,2,4096
2015-03-01 22:16:30,flavor5,2,4096
2015-03-01 22:16:31,flavor6,2,8192
2015-03-01 23:23:12,flavor14,16,32768
2015-03-01 23:23:13,flavor6,2,8192
2015-03-01 23:23:21,flavor7,4,4096
2015-03-01 23:23:22,flavor6,2,8192
2015-03-01 23:23:22,flavor6,2,8192
2015-03-01 23:23:22,flavor14,16,32768
2015-03-01 23:23:23,flavor8,4,8192
2015-03-01 23:23:23,flavor5,2,4096
2015-03-01 23:23:23,flavor15,16,65536
2015-03-01 23:23:31,flavor5,2,4096
2015-03-01 23:23:31,flavor15,16,65536
2015-03-01 23:23:32,flavor6,2,8192
2015-03-01 23:23:39,flavor6,2,8192
2015-03-01 23:23:40,flavor5,2,4096
2015-03-01 23:23:51,flavor15,16,65536
2015-03-01 23:51:36,flavor5,2,4096
2015-03-02 17:54:13,flavor6,2,8192
2015-03-02 18:30:39,flavor1,1,1024
2015-03-02 21:47:47,flavor9,4,16384
2015-03-03 00:51:25,flavor11,8,16384
2015-03-03 22:34:48,flavor6,2,8192
2015-03-03 23:47:41,flavor8,4,8192
2015-03-03 23:47:48,flavor8,4,8192
2015-03-04 01:53:37,flavor9,4,16384
2015-03-04 22:32:51,flavor5,2,4096
2015-03-04 22:33:00,flavor5,2,4096
2015-03-04 22:33:36,flavor8,4,8192
2015-03-04 23:08:40,flavor9,4,16384
2015-03-05 02:13:20,flavor11,8,16384
2015-03-05 20:36:18,flavor7,4,4096
2015-03-15 17:54:53,flavor3,1,4096
2015-03-16 19:42:44,flavor8,4,8192
2015-03-16 23:29:51,flavor9,4,16384
2015-03-17 00:15:30,flavor17,32,65536
2015-03-17 00:45:14,flavor8,4,8192
2015-03-17 13:18:03,flavor14,16,32768
2015-03-17 13:18:12,flavor14,16,32768
2015-03-17 13:18:12,flavor14,16,32768
2015-03-17 13:18:12,flavor14,16,32768
2015-03-17 13:19:08,flavor14,16,32768
2015-03-17 18:30:05,flavor3,1,4096
2015-03-18 17:32:57,flavor9,4,16384
2015-03-18 22:44:06,flavor8,4,8192
2015-03-18 23:43:25,flavor1,1,1024
2015-03-19 19:07:43,flavor3,1,4096
2015-03-20 02:51:11,flavor3,1,4096
2015-03-20 04:47:51,flavor8,4,8192
2015-03-22 18:52:22,flavor11,8,16384
2015-03-22 18:52:30,flavor8,4,8192
2015-03-22 18:52:31,flavor11,8,16384
2015-03-22 18:52:32,flavor11,8,16384
2015-03-22 18:52:41,flavor8,4,8192
2015-03-22 18:52:49,flavor11,8,16384
2015-03-22 23:36:51,flavor14,16,32768
2015-03-22 23:36:51,flavor14,16,32768
2015-03-22 23:37:00,flavor14,16,32768
2015-03-22 23:37:00,flavor14,16,32768
2015-03-22 23:41:12,flavor14,16,32768
2015-03-22 23:41:12,flavor14,16,32768
2015-03-22 23:41:12,flavor14,16,32768
2015-03-22 23:41:21,flavor14,16,32768
2015-03-22 23:41:21,flavor14,16,32768
2015-03-22 23:41:21,flavor14,16,32768
2015-03-22 23:42:30,flavor10,8,8192
2015-03-23 00:41:49,flavor2,1,2048
2015-03-23 19:10:27,flavor8,4,8192
2015-03-23 19:10:36,flavor5,2,4096
2015-03-23 19:10:37,flavor8,4,8192
2015-03-23 19:10:38,flavor5,2,4096
2015-03-23 20:52:23,flavor5,2,4096
2015-03-24 00:55:23,flavor14,16,32768
2015-03-24 00:55:23,flavor14,16,32768
2015-03-24 00:55:32,flavor14,16,32768
2015-03-24 00:55:32,flavor14,16,32768
2015-03-24 00:55:32,flavor14,16,32768
2015-03-24 00:55:33,flavor14,16,32768
2015-03-24 03:22:36,flavor11,8,16384
2015-03-24 03:22:44,flavor11,8,16384
2015-03-24 16:59:28,flavor9,4,16384
2015-03-24 18:54:46,flavor1,1,1024
2015-03-24 22:54:46,flavor8,4,8192
2015-03-24 23:07:01,flavor8,4,8192
2015-03-24 23:07:02,flavor8,4,8192
2015-03-24 23:07:03,flavor8,4,8192
2015-03-24 23:07:10,flavor8,4,8192
2015-03-24 23:07:10,flavor8,4,8192
2015-03-24 23:07:11,flavor8,4,8192
2015-03-24 23:07:12,flavor8,4,8192
2015-03-24 23:38:45,flavor9,4,16384
2015-03-24 23:38:55,flavor9,4,16384
2015-03-25 00:44:39,flavor6,2,8192
2015-03-25 00:51:56,flavor8,4,8192
2015-03-25 00:51:57,flavor8,4,8192
2015-03-25 00:51:58,flavor8,4,8192
2015-03-25 00:52:05,flavor8,4,8192
2015-03-25 00:52:06,flavor8,4,8192
2015-03-25 00:52:06,flavor8,4,8192
2015-03-25 00:52:15,flavor8,4,8192
2015-03-25 00:52:15,flavor8,4,8192
2015-03-25 00:52:16,flavor8,4,8192
2015-03-25 00:52:17,flavor8,4,8192
2015-03-25 00:53:49,flavor8,4,8192
2015-03-25 00:53:49,flavor8,4,8192
2015-03-25 00:53:59,flavor8,4,8192
2015-03-25 02:30:03,flavor8,4,8192
2015-03-25 02:30:12,flavor8,4,8192
2015-03-25 02:30:40,flavor9,4,16384
2015-03-25 02:30:58,flavor21,64,262144
2015-03-25 03:08:46,flavor8,4,8192
2015-03-25 17:35:06,flavor8,4,8192
2015-03-25 20:03:53,flavor8,4,8192
2015-03-25 20:04:02,flavor8,4,8192
2015-03-25 20:04:02,flavor8,4,8192
2015-03-26 01:06:54,flavor8,4,8192
2015-03-26 01:07:04,flavor8,4,8192
2015-03-26 01:07:11,flavor8,4,8192
2015-03-26 01:07:30,flavor8,4,8192
2015-03-26 01:21:03,flavor8,4,8192
2015-03-27 02:08:11,flavor11,8,16384
2015-03-27 17:24:02,flavor8,4,8192
2015-03-27 17:24:03,flavor8,4,8192
2015-03-27 17:24:11,flavor8,4,8192
2015-03-27 17:24:13,flavor8,4,8192
2015-03-27 17:24:13,flavor8,4,8192
2015-03-27 17:24:21,flavor8,4,8192
2015-03-27 17:37:45,flavor8,4,8192
2015-03-27 17:48:56,flavor5,2,4096
2015-03-27 17:49:05,flavor8,4,8192
2015-03-27 17:49:15,flavor5,2,4096
2015-03-27 17:49:23,flavor5,2,4096
2015-03-27 17:49:34,flavor5,2,4096
2015-03-27 17:49:35,flavor5,2,4096
2015-03-27 20:25:50,flavor9,4,16384
2015-03-28 09:29:21,flavor4,2,2048
2015-03-29 16:38:52,flavor4,2,2048
2015-03-29 18:36:00,flavor8,4,8192
2015-03-29 18:36:09,flavor8,4,8192
2015-03-29 18:36:10,flavor8,4,8192
2015-03-29 18:36:20,flavor8,4,8192
2015-03-29 18:36:28,flavor8,4,8192
2015-03-29 18:36:29,flavor8,4,8192
2015-03-29 19:41:53,flavor3,1,4096
2015-03-29 19:43:17,flavor8,4,8192
2015-03-29 19:53:34,flavor3,1,4096
2015-03-29 20:56:48,flavor10,8,8192
2015-03-29 23:46:17,flavor9,4,16384
2015-03-30 00:40:12,flavor8,4,8192
2015-03-30 00:40:23,flavor8,4,8192
2015-03-30 00:52:40,flavor1,1,1024
2015-03-30 19:06:40,flavor14,16,32768
2015-03-30 19:36:35,flavor11,8,16384
2015-03-30 19:36:35,flavor11,8,16384
2015-03-30 19:36:46,flavor11,8,16384
2015-03-30 19:37:14,flavor13,16,16384
2015-03-30 20:18:04,flavor5,2,4096
2015-03-30 22:03:51,flavor11,8,16384
2015-03-30 22:17:17,flavor6,2,8192
2015-03-30 22:17:25,flavor6,2,8192
2015-03-31 04:32:35,flavor1,1,1024
2015-03-31 18:01:19,flavor4,2,2048
2015-03-31 22:12:59,flavor1,1,1024
2015-03-31 22:15:00,flavor8,4,8192
2015-04-01 02:02:48,flavor13,16,16384
2015-04-01 02:40:51,flavor10,8,8192
2015-04-01 02:41:00,flavor10,8,8192
2015-04-01 02:41:01,flavor10,8,8192
2015-04-01 02:41:02,flavor10,8,8192
2015-04-01 02:41:10,flavor10,8,8192
2015-04-01 02:41:12,flavor10,8,8192
2015-04-01 02:41:21,flavor10,8,8192
2015-04-01 02:42:43,flavor13,16,16384
2015-04-01 02:42:43,flavor13,16,16384
2015-04-01 02:42:43,flavor13,16,16384
2015-04-01 02:42:43,flavor13,16,16384
2015-04-01 02:44:38,flavor13,16,16384
2015-04-01 02:44:45,flavor13,16,16384
2015-04-01 02:44:46,flavor13,16,16384
2015-04-01 02:44:46,flavor13,16,16384
2015-04-01 02:44:54,flavor13,16,16384
2015-04-01 02:44:54,flavor13,16,16384
2015-04-01 02:44:55,flavor13,16,16384
2015-04-01 02:45:04,flavor13,16,16384
2015-04-01 02:45:04,flavor13,16,16384
2015-04-01 02:45:04,flavor13,16,16384
2015-04-01 02:45:05,flavor13,16,16384
2015-04-01 02:45:06,flavor13,16,16384
2015-04-01 02:46:29,flavor13,16,16384
2015-04-01 02:46:37,flavor13,16,16384
2015-04-01 02:46:38,flavor13,16,16384
2015-04-01 02:46:56,flavor13,16,16384
2015-04-01 02:46:57,flavor13,16,16384
2015-04-01 02:46:57,flavor13,16,16384
2015-04-01 02:46:58,flavor13,16,16384
2015-04-01 04:15:18,flavor10,8,8192
2015-04-01 17:50:59,flavor5,2,4096
2015-04-01 18:01:37,flavor11,8,16384
2015-04-01 18:01:45,flavor11,8,16384
2015-04-01 18:01:46,flavor11,8,16384
2015-04-01 18:01:54,flavor11,8,16384
2015-04-01 18:01:55,flavor11,8,16384
2015-04-01 19:24:32,flavor8,4,8192
2015-04-01 19:51:49,flavor12,8,32768
2015-04-01 20:31:19,flavor8,4,8192
2015-04-01 20:31:19,flavor8,4,8192
2015-04-01 20:31:22,flavor8,4,8192
2015-04-01 20:31:30,flavor8,4,8192
2015-04-01 21:06:48,flavor3,1,4096
2015-04-02 00:08:02,flavor1,1,1024
2015-04-02 02:00:36,flavor14,16,32768
2015-04-02 02:00:36,flavor14,16,32768
2015-04-02 02:00:45,flavor14,16,32768
2015-04-02 18:51:19,flavor14,16,32768
2015-04-02 18:51:29,flavor14,16,32768
2015-04-02 18:51:29,flavor14,16,32768
2015-04-02 20:52:18,flavor14,16,32768
2015-04-02 20:52:18,flavor14,16,32768
2015-04-02 20:52:18,flavor14,16,32768
2015-04-02 20:52:27,flavor14,16,32768
2015-04-03 04:39:39,flavor8,4,8192
2015-04-03 09:29:57,flavor4,2,2048
2015-04-05 19:31:20,flavor9,4,16384
2015-04-05 19:31:21,flavor9,4,16384
2015-04-05 19:48:32,flavor5,2,4096
2015-04-05 19:49:00,flavor5,2,4096
2015-04-05 19:59:48,flavor5,2,4096
2015-04-05 19:59:48,flavor5,2,4096
2015-04-05 20:00:12,flavor5,2,4096
2015-04-05 20:00:25,flavor5,2,4096
2015-04-05 20:00:36,flavor5,2,4096
2015-04-05 20:22:03,flavor3,1,4096
2015-04-05 21:53:21,flavor8,4,8192
2015-04-05 23:46:28,flavor5,2,4096
2015-04-05 23:46:29,flavor5,2,4096
2015-04-05 23:50:04,flavor5,2,4096
2015-04-05 23:50:14,flavor8,4,8192
2015-04-05 23:50:33,flavor8,4,8192
2015-04-06 00:08:42,flavor9,4,16384
2015-04-06 00:08:51,flavor6,2,8192
2015-04-06 00:08:52,flavor9,4,16384
2015-04-06 22:29:28,flavor8,4,8192
2015-04-06 23:08:15,flavor8,4,8192
2015-04-07 00:20:39,flavor14,16,32768
2015-04-07 00:20:39,flavor14,16,32768
2015-04-07 00:20:48,flavor14,16,32768
2015-04-07 19:37:47,flavor6,2,8192
2015-04-07 20:19:32,flavor4,2,2048
2015-04-07 23:32:34,flavor8,4,8192
2015-04-08 01:34:41,flavor9,4,16384
2015-04-08 18:00:12,flavor3,1,4096
2015-04-08 18:48:54,flavor8,4,8192
2015-04-08 22:28:10,flavor8,4,8192
2015-04-08 22:28:21,flavor8,4,8192
2015-04-08 22:51:22,flavor15,16,65536
2015-04-08 22:51:23,flavor15,16,65536
2015-04-08 22:51:32,flavor1,1,1024
2015-04-09 01:43:32,flavor6,2,8192
2015-04-09 07:07:57,flavor7,4,4096
2015-04-09 17:44:18,flavor3,1,4096
2015-04-09 19:32:37,flavor11,8,16384
2015-04-09 19:49:12,flavor11,8,16384
2015-04-09 22:32:14,flavor3,1,4096
2015-04-10 00:37:56,flavor9,4,16384
2015-04-10 00:37:56,flavor9,4,16384
2015-04-10 05:28:22,flavor12,8,32768
2015-04-10 05:57:23,flavor12,8,32768
2015-04-11 02:05:56,flavor12,8,32768
2015-04-11 08:04:11,flavor5,2,4096
2015-04-11 08:06:51,flavor5,2,4096
2015-04-11 08:13:27,flavor8,4,8192
2015-04-11 08:16:36,flavor5,2,4096
2015-04-12 00:32:02,flavor9,4,16384
2015-04-12 18:08:29,flavor5,2,4096
2015-04-12 19:16:03,flavor11,8,16384
2015-04-12 23:17:41,flavor9,4,16384
2015-04-13 06:02:09,flavor4,2,2048
2015-04-13 18:09:45,flavor11,8,16384
2015-04-13 19:32:05,flavor9,4,16384
2015-04-13 19:32:13,flavor9,4,16384
2015-04-13 20:36:51,flavor8,4,8192
2015-04-13 23:20:06,flavor2,1,2048
2015-04-13 23:56:57,flavor8,4,8192
2015-04-14 00:33:11,flavor11,8,16384
2015-04-14 09:29:14,flavor4,2,2048
2015-04-14 16:58:13,flavor6,2,8192
2015-04-14 17:38:10,flavor3,1,4096
2015-04-14 23:40:08,flavor8,4,8192
2015-04-14 23:42:38,flavor11,8,16384
2015-04-14 23:43:33,flavor11,8,16384
2015-04-14 23:43:51,flavor22,128,131072
2015-04-15 23:27:23,flavor5,2,4096
2015-04-15 23:27:33,flavor5,2,4096
2015-04-15 23:27:40,flavor5,2,4096
2015-04-15 23:27:41,flavor5,2,4096
2015-04-16 23:40:55,flavor8,4,8192
2015-04-16 23:41:06,flavor8,4,8192
2015-04-16 23:44:05,flavor8,4,8192
2015-04-16 23:44:33,flavor8,4,8192
2015-04-16 23:46:44,flavor8,4,8192
2015-04-16 23:47:49,flavor8,4,8192
2015-04-16 23:48:08,flavor8,4,8192
2015-04-16 23:48:19,flavor8,4,8192
2015-04-16 23:54:25,flavor8,4,8192
2015-04-16 23:54:35,flavor8,4,8192
2015-04-16 23:56:46,flavor8,4,8192
2015-04-16 23:56:46,flavor8,4,8192
2015-04-16 23:57:34,flavor8,4,8192
2015-04-16 23:57:42,flavor8,4,8192
2015-04-17 00:01:18,flavor8,4,8192
2015-04-17 00:01:29,flavor8,4,8192
2015-04-17 00:02:43,flavor8,4,8192
2015-04-17 00:02:44,flavor8,4,8192
2015-04-17 00:03:12,flavor8,4,8192
2015-04-17 00:03:13,flavor8,4,8192
2015-04-17 00:04:17,flavor8,4,8192
2015-04-17 00:04:27,flavor8,4,8192
2015-04-17 00:04:47,flavor8,4,8192
2015-04-17 00:05:05,flavor8,4,8192
2015-04-17 00:47:28,flavor6,2,8192
2015-04-17 16:30:02,flavor10,8,8192
2015-04-19 17:20:17,flavor8,4,8192
2015-04-19 19:14:47,flavor8,4,8192
2015-04-19 19:23:22,flavor8,4,8192
2015-04-20 00:58:02,flavor5,2,4096
2015-04-20 02:03:08,flavor9,4,16384
2015-04-20 04:10:48,flavor11,8,16384
2015-04-20 19:11:14,flavor11,8,16384
2015-04-20 20:32:18,flavor2,1,2048
2015-04-21 01:28:01,flavor7,4,4096
2015-04-21 17:58:32,flavor11,8,16384
2015-04-21 17:58:43,flavor8,4,8192
2015-04-21 17:58:43,flavor5,2,4096
2015-04-21 17:58:50,flavor8,4,8192
2015-04-21 17:58:50,flavor5,2,4096
2015-04-21 17:58:52,flavor8,4,8192
2015-04-21 19:36:17,flavor2,1,2048
2015-04-21 19:36:26,flavor2,1,2048
2015-04-21 19:36:27,flavor2,1,2048
2015-04-21 19:36:28,flavor2,1,2048
2015-04-21 22:59:53,flavor2,1,2048
2015-04-21 22:59:54,flavor2,1,2048
2015-04-21 22:59:54,flavor2,1,2048
2015-04-21 23:00:04,flavor2,1,2048
2015-04-22 00:28:58,flavor2,1,2048
2015-04-22 00:28:58,flavor2,1,2048
2015-04-22 00:29:06,flavor2,1,2048
2015-04-22 00:29:08,flavor2,1,2048
2015-04-22 00:29:25,flavor2,1,2048
2015-04-22 00:29:26,flavor2,1,2048
2015-04-22 00:29:27,flavor2,1,2048
2015-04-22 00:29:34,flavor2,1,2048
2015-04-22 01:38:43,flavor14,16,32768
2015-04-22 05:26:13,flavor6,2,8192
2015-04-22 22:50:39,flavor8,4,8192
2015-04-22 22:50:40,flavor8,4,8192
2015-04-22 23:15:16,flavor11,8,16384
2015-04-22 23:15:27,flavor11,8,16384
2015-04-23 17:40:02,flavor22,128,131072
2015-04-23 22:06:01,flavor14,16,32768
2015-04-24 01:39:33,flavor1,1,1024
2015-04-24 04:10:16,flavor8,4,8192
2015-04-24 23:14:43,flavor11,8,16384
2015-04-24 23:14:44,flavor11,8,16384
2015-04-24 23:14:44,flavor11,8,16384
2015-04-24 23:14:53,flavor11,8,16384
2015-04-24 23:15:04,flavor11,8,16384
2015-04-24 23:17:51,flavor8,4,8192
2015-04-24 23:17:52,flavor8,4,8192
2015-04-24 23:18:02,flavor8,4,8192
2015-04-24 23:18:03,flavor8,4,8192
2015-04-24 23:18:10,flavor8,4,8192
2015-04-24 23:18:21,flavor8,4,8192
2015-04-25 06:14:00,flavor8,4,8192
2015-04-25 09:28:59,flavor4,2,2048
2015-04-26 17:47:39,flavor8,4,8192
2015-04-26 17:47:39,flavor8,4,8192
2015-04-26 17:47:40,flavor8,4,8192
2015-04-26 17:47:47,flavor8,4,8192
2015-04-26 17:55:28,flavor8,4,8192
2015-04-26 17:55:28,flavor8,4,8192
2015-04-26 17:55:29,flavor8,4,8192
2015-04-26 17:55:37,flavor8,4,8192
2015-04-26 17:57:21,flavor8,4,8192
2015-04-26 17:57:23,flavor8,4,8192
2015-04-26 17:57:30,flavor8,4,8192
2015-04-26 17:57:32,flavor8,4,8192
2015-04-26 17:59:04,flavor8,4,8192
2015-04-26 17:59:14,flavor8,4,8192
2015-04-26 17:59:15,flavor8,4,8192
2015-04-26 17:59:15,flavor8,4,8192
2015-04-26 18:04:45,flavor8,4,8192
2015-04-26 18:04:53,flavor8,4,8192
2015-04-26 18:04:54,flavor8,4,8192
2015-04-26 18:05:03,flavor8,4,8192
2015-04-26 18:06:27,flavor8,4,8192
2015-04-26 18:06:29,flavor8,4,8192
2015-04-26 18:06:36,flavor8,4,8192
2015-04-26 18:06:38,flavor8,4,8192
2015-04-26 18:13:39,flavor15,16,65536
2015-04-26 23:31:20,flavor14,16,32768
2015-04-27 00:37:15,flavor5,2,4096
2015-04-27 00:37:15,flavor5,2,4096
2015-04-27 00:37:15,flavor5,2,4096
2015-04-27 00:37:15,flavor5,2,4096
2015-04-27 00:37:15,flavor5,2,4096
2015-04-27 00:37:24,flavor5,2,4096
2015-04-27 00:37:24,flavor5,2,4096
2015-04-27 00:38:21,flavor6,2,8192
2015-04-27 00:38:39,flavor6,2,8192
2015-04-27 00:38:39,flavor6,2,8192
2015-04-27 00:38:39,flavor6,2,8192
2015-04-27 00:38:39,flavor6,2,8192
2015-04-27 02:08:43,flavor8,4,8192
2015-04-27 02:30:38,flavor12,8,32768
2015-04-27 05:23:03,flavor8,4,8192
2015-04-27 17:51:09,flavor8,4,8192
2015-04-27 18:26:22,flavor5,2,4096
2015-04-27 23:51:01,flavor2,1,2048
2015-04-27 23:51:02,flavor2,1,2048
2015-04-28 01:24:57,flavor9,4,16384
2015-04-28 02:48:12,flavor11,8,16384
2015-04-28 02:48:23,flavor11,8,16384
2015-04-28 17:53:20,flavor17,32,65536
2015-04-28 17:53:21,flavor17,32,65536
2015-04-28 17:53:29,flavor17,32,65536
2015-04-28 17:53:30,flavor17,32,65536
2015-04-28 17:53:31,flavor17,32,65536
2015-04-28 17:53:31,flavor17,32,65536
2015-04-28 17:53:39,flavor17,32,65536
2015-04-28 17:53:41,flavor17,32,65536
2015-04-28 18:05:23,flavor14,16,32768
2015-04-28 18:05:23,flavor14,16,32768
2015-04-28 18:05:23,flavor14,16,32768
2015-04-28 18:05:23,flavor14,16,32768
2015-04-28 18:05:24,flavor14,16,32768
2015-04-28 18:05:24,flavor14,16,32768
2015-04-28 18:05:24,flavor14,16,32768
2015-04-28 18:05:25,flavor14,16,32768
2015-04-28 18:05:26,flavor14,16,32768
2015-04-28 18:05:32,flavor14,16,32768
2015-04-28 18:05:33,flavor14,16,32768
2015-04-28 18:05:34,flavor14,16,32768
2015-04-28 18:05:34,flavor14,16,32768
2015-04-28 18:05:42,flavor14,16,32768
2015-04-28 18:05:43,flavor14,16,32768
2015-04-28 18:05:43,flavor14,16,32768
2015-04-28 18:05:43,flavor14,16,32768
2015-04-28 18:05:44,flavor14,16,32768
2015-04-28 18:05:44,flavor14,16,32768
2015-04-28 18:05:44,flavor14,16,32768
2015-04-28 18:05:44,flavor14,16,32768
2015-04-28 18:13:13,flavor8,4,8192
2015-04-28 18:17:28,flavor8,4,8192
2015-04-28 19:20:21,flavor7,4,4096
2015-04-28 22:25:11,flavor5,2,4096
2015-04-28 22:26:09,flavor11,8,16384
2015-04-28 22:26:55,flavor8,4,8192
2015-04-28 22:33:57,flavor11,8,16384
2015-04-28 22:50:42,flavor1,1,1024
2015-04-29 01:05:56,flavor11,8,16384
2015-04-29 02:37:37,flavor22,128,131072
2015-04-29 20:26:05,flavor8,4,8192
2015-04-29 22:33:56,flavor14,16,32768
2015-04-29 22:34:05,flavor14,16,32768
2015-04-29 22:34:33,flavor14,16,32768
2015-04-30 00:04:18,flavor14,16,32768
2015-04-30 02:24:20,flavor5,2,4096
2015-04-30 03:10:42,flavor2,1,2048
2015-04-30 03:10:43,flavor2,1,2048
2015-04-30 03:10:50,flavor2,1,2048
2015-04-30 03:10:50,flavor2,1,2048
2015-04-30 03:52:21,flavor4,2,2048
2015-04-30 06:55:27,flavor11,8,16384
2015-04-30 18:03:39,flavor14,16,32768
2015-04-30 18:36:22,flavor14,16,32768
2015-04-30 19:33:02,flavor5,2,4096
2015-04-30 20:21:45,flavor6,2,8192
2015-04-30 21:42:15,flavor8,4,8192
2015-04-30 22:11:39,flavor12,8,32768
2015-04-30 22:11:39,flavor12,8,32768
2015-04-30 22:14:28,flavor4,2,2048
2015-04-30 22:33:24,flavor1,1,1024
2015-04-30 23:50:45,flavor1,1,1024
2015-05-04 09:15:58,flavor2,1,2048
2015-05-04 09:15:59,flavor2,1,2048
2015-05-04 09:16:00,flavor2,1,2048
2015-05-04 09:16:00,flavor2,1,2048
2015-05-04 17:04:29,flavor14,16,32768
2015-05-04 17:04:29,flavor14,16,32768
2015-05-04 17:04:29,flavor14,16,32768
2015-05-04 17:04:38,flavor14,16,32768
2015-05-04 17:04:38,flavor14,16,32768
2015-05-04 17:04:38,flavor14,16,32768
2015-05-04 17:04:38,flavor14,16,32768
2015-05-04 17:13:15,flavor14,16,32768
2015-05-04 17:13:15,flavor14,16,32768
2015-05-04 17:13:15,flavor14,16,32768
2015-05-04 17:13:24,flavor14,16,32768
2015-05-04 17:13:24,flavor14,16,32768
2015-05-04 17:17:47,flavor14,16,32768
2015-05-04 17:17:57,flavor14,16,32768
2015-05-04 17:18:06,flavor14,16,32768
2015-05-04 17:18:15,flavor14,16,32768
2015-05-04 17:19:02,flavor14,16,32768
2015-05-04 18:15:34,flavor11,8,16384
2015-05-04 23:04:10,flavor9,4,16384
2015-05-04 23:04:17,flavor9,4,16384
2015-05-04 23:04:19,flavor9,4,16384
2015-05-04 23:06:03,flavor9,4,16384
2015-05-04 23:06:10,flavor9,4,16384
2015-05-04 23:06:12,flavor9,4,16384
2015-05-04 23:15:54,flavor9,4,16384
2015-05-04 23:15:54,flavor9,4,16384
2015-05-04 23:16:03,flavor9,4,16384
2015-05-04 23:16:03,flavor9,4,16384
2015-05-04 23:16:03,flavor9,4,16384
2015-05-05 00:08:11,flavor6,2,8192
2015-05-05 00:08:22,flavor5,2,4096
2015-05-05 00:26:30,flavor5,2,4096
2015-05-05 00:27:36,flavor6,2,8192
2015-05-05 18:03:46,flavor17,32,65536
2015-05-05 18:04:05,flavor8,4,8192
2015-05-05 18:45:26,flavor5,2,4096
2015-05-05 19:01:07,flavor7,4,4096
2015-05-05 21:00:21,flavor7,4,4096
2015-05-05 23:50:54,flavor5,2,4096
2015-05-05 23:57:09,flavor7,4,4096
2015-05-06 00:12:48,flavor7,4,4096
2015-05-06 00:12:58,flavor7,4,4096
2015-05-06 00:15:40,flavor5,2,4096
2015-05-06 19:10:52,flavor1,1,1024
2015-05-06 21:31:34,flavor2,1,2048
2015-05-06 21:31:45,flavor2,1,2048
2015-05-06 21:31:45,flavor2,1,2048
2015-05-06 21:31:53,flavor2,1,2048
2015-05-06 22:15:09,flavor2,1,2048
2015-05-06 22:15:17,flavor2,1,2048
2015-05-06 22:15:18,flavor2,1,2048
2015-05-06 22:15:26,flavor2,1,2048
2015-05-07 01:09:31,flavor2,1,2048
2015-05-07 01:09:32,flavor2,1,2048
2015-05-07 01:09:32,flavor2,1,2048
2015-05-07 01:09:33,flavor2,1,2048
2015-05-07 03:24:26,flavor3,1,4096
2015-05-07 17:56:32,flavor4,2,2048
2015-05-07 18:21:01,flavor8,4,8192
2015-05-08 03:38:19,flavor6,2,8192
2015-05-08 07:30:54,flavor2,1,2048
2015-05-08 07:31:05,flavor2,1,2048
2015-05-08 07:31:05,flavor2,1,2048
2015-05-08 07:31:12,flavor2,1,2048
2015-05-09 22:41:12,flavor9,4,16384
2015-05-09 23:11:46,flavor3,1,4096
2015-05-10 22:10:22,flavor9,4,16384
2015-05-11 01:00:17,flavor8,4,8192
2015-05-11 01:01:58,flavor5,2,4096
2015-05-11 02:04:39,flavor5,2,4096
2015-05-11 16:55:00,flavor5,2,4096
2015-05-11 16:55:01,flavor5,2,4096
2015-05-11 16:55:09,flavor5,2,4096
2015-05-11 17:01:43,flavor8,4,8192
2015-05-11 17:01:52,flavor8,4,8192
2015-05-11 17:05:00,flavor8,4,8192
2015-05-11 17:32:37,flavor9,4,16384
2015-05-11 17:59:16,flavor8,4,8192
2015-05-11 18:03:18,flavor8,4,8192
2015-05-11 19:12:26,flavor9,4,16384
2015-05-11 20:06:10,flavor9,4,16384
2015-05-11 20:06:20,flavor9,4,16384
2015-05-11 20:36:53,flavor8,4,8192
2015-05-11 22:05:45,flavor4,2,2048
2015-05-11 22:53:51,flavor2,1,2048
2015-05-12 01:42:19,flavor5,2,4096
2015-05-12 01:46:06,flavor14,16,32768
2015-05-12 01:59:15,flavor8,4,8192
2015-05-12 02:11:19,flavor8,4,8192
2015-05-12 02:11:19,flavor8,4,8192
2015-05-12 02:11:28,flavor8,4,8192
2015-05-12 02:11:29,flavor8,4,8192
2015-05-12 02:14:18,flavor8,4,8192
2015-05-12 02:45:10,flavor6,2,8192
2015-05-12 02:45:20,flavor6,2,8192
2015-05-12 02:45:20,flavor6,2,8192
2015-05-12 02:45:22,flavor5,2,4096
2015-05-12 02:45:22,flavor6,2,8192
2015-05-12 02:45:29,flavor8,4,8192
2015-05-12 02:45:29,flavor8,4,8192
2015-05-12 02:45:31,flavor5,2,4096
2015-05-12 02:45:31,flavor5,2,4096
2015-05-12 02:45:38,flavor5,2,4096
2015-05-12 02:45:49,flavor6,2,8192
2015-05-12 02:45:49,flavor5,2,4096
2015-05-12 02:45:49,flavor5,2,4096
2015-05-12 02:45:58,flavor6,2,8192
2015-05-12 18:52:21,flavor5,2,4096
2015-05-12 19:44:53,flavor8,4,8192
2015-05-12 19:44:53,flavor8,4,8192
2015-05-12 19:45:21,flavor8,4,8192
2015-05-12 19:45:38,flavor8,4,8192
2015-05-13 00:28:37,flavor11,8,16384
2015-05-13 00:28:38,flavor6,2,8192
2015-05-13 00:28:48,flavor9,4,16384
2015-05-13 01:21:17,flavor1,1,1024
2015-05-13 01:46:48,flavor1,1,1024
2015-05-13 01:46:51,flavor1,1,1024
2015-05-13 01:47:00,flavor1,1,1024
2015-05-13 02:24:16,flavor9,4,16384
2015-05-13 21:57:36,flavor5,2,4096
2015-05-13 21:57:44,flavor5,2,4096
2015-05-13 21:57:55,flavor5,2,4096
2015-05-13 22:06:48,flavor5,2,4096
2015-05-13 22:07:09,flavor2,1,2048
2015-05-13 22:07:47,flavor5,2,4096
2015-05-13 22:07:47,flavor6,2,8192
2015-05-13 22:09:11,flavor6,2,8192
2015-05-13 22:13:42,flavor11,8,16384
2015-05-13 22:14:50,flavor6,2,8192
2015-05-13 22:36:46,flavor1,1,1024
2015-05-13 23:44:27,flavor2,1,2048
2015-05-13 23:44:34,flavor2,1,2048
2015-05-13 23:44:34,flavor2,1,2048
2015-05-13 23:44:36,flavor2,1,2048
2015-05-13 23:44:43,flavor2,1,2048
2015-05-13 23:44:44,flavor2,1,2048
2015-05-13 23:48:02,flavor6,2,8192
2015-05-13 23:48:03,flavor6,2,8192
2015-05-14 00:09:39,flavor8,4,8192
2015-05-14 04:23:00,flavor3,1,4096
2015-05-14 04:24:33,flavor3,1,4096
2015-05-14 18:04:25,flavor6,2,8192
2015-05-14 20:51:55,flavor2,1,2048
2015-05-15 00:10:43,flavor13,16,16384
2015-05-15 00:10:43,flavor13,16,16384
2015-05-15 00:10:44,flavor13,16,16384
2015-05-15 00:10:45,flavor13,16,16384
2015-05-15 00:10:54,flavor13,16,16384
2015-05-15 00:21:05,flavor12,8,32768
2015-05-15 00:21:06,flavor12,8,32768
2015-05-15 00:21:14,flavor12,8,32768
2015-05-15 00:21:16,flavor12,8,32768
2015-05-15 00:21:16,flavor12,8,32768
2015-05-15 01:19:02,flavor11,8,16384
2015-05-15 01:23:35,flavor11,8,16384
2015-05-15 01:23:35,flavor8,4,8192
2015-05-15 01:23:36,flavor8,4,8192
2015-05-15 01:23:46,flavor8,4,8192
2015-05-15 01:23:56,flavor5,2,4096
2015-05-15 01:24:03,flavor5,2,4096
2015-05-15 01:24:13,flavor5,2,4096
2015-05-15 01:24:13,flavor5,2,4096
2015-05-15 01:24:23,flavor5,2,4096
2015-05-15 01:24:33,flavor5,2,4096
2015-05-15 01:24:33,flavor5,2,4096
2015-05-15 01:25:09,flavor5,2,4096
2015-05-15 01:25:11,flavor5,2,4096
2015-05-15 01:25:37,flavor5,2,4096
2015-05-15 01:25:38,flavor5,2,4096
2015-05-15 01:25:39,flavor5,2,4096
2015-05-15 01:25:46,flavor5,2,4096
2015-05-15 01:26:06,flavor5,2,4096
2015-05-15 01:28:45,flavor8,4,8192
2015-05-15 01:59:57,flavor6,2,8192
2015-05-15 02:00:05,flavor6,2,8192
2015-05-15 02:00:06,flavor6,2,8192
2015-05-15 02:26:53,flavor5,2,4096
2015-05-15 02:26:54,flavor5,2,4096
2015-05-15 02:27:11,flavor5,2,4096
2015-05-15 16:55:26,flavor7,4,4096
2015-05-17 16:24:42,flavor3,1,4096
2015-05-17 16:24:42,flavor3,1,4096
2015-05-17 16:24:51,flavor3,1,4096
2015-05-17 16:24:51,flavor3,1,4096
2015-05-17 16:24:52,flavor3,1,4096
2015-05-17 17:36:56,flavor5,2,4096
2015-05-17 19:16:16,flavor3,1,4096
2015-05-17 23:47:00,flavor12,8,32768
2015-05-17 23:59:59,flavor12,8,32768
2015-05-18 01:06:47,flavor5,2,4096
2015-05-18 01:06:54,flavor5,2,4096
2015-05-18 01:06:55,flavor5,2,4096
2015-05-18 01:06:56,flavor5,2,4096
2015-05-18 01:07:05,flavor5,2,4096
2015-05-18 01:13:40,flavor5,2,4096
2015-05-18 01:13:40,flavor5,2,4096
2015-05-18 01:13:57,flavor5,2,4096
2015-05-18 01:14:07,flavor5,2,4096
2015-05-18 01:14:16,flavor5,2,4096
2015-05-18 01:20:42,flavor5,2,4096
2015-05-18 01:20:51,flavor5,2,4096
2015-05-18 01:21:01,flavor5,2,4096
2015-05-18 01:22:24,flavor5,2,4096
2015-05-18 01:24:18,flavor5,2,4096
2015-05-18 03:29:52,flavor8,4,8192
2015-05-18 03:29:54,flavor8,4,8192
2015-05-18 20:17:21,flavor5,2,4096
2015-05-18 22:38:41,flavor7,4,4096
2015-05-19 01:07:28,flavor9,4,16384
2015-05-19 01:12:28,flavor11,8,16384
2015-05-19 02:57:46,flavor9,4,16384
2015-05-19 02:57:46,flavor9,4,16384
2015-05-19 02:57:53,flavor9,4,16384
2015-05-19 19:07:45,flavor3,1,4096
2015-05-19 19:26:12,flavor7,4,4096
2015-05-19 23:47:41,flavor5,2,4096
2015-05-19 23:47:42,flavor5,2,4096
2015-05-19 23:47:51,flavor5,2,4096
2015-05-19 23:47:51,flavor5,2,4096
2015-05-19 23:47:52,flavor5,2,4096
2015-05-19 23:59:27,flavor8,4,8192
2015-05-19 23:59:34,flavor8,4,8192
2015-05-19 23:59:35,flavor8,4,8192
2015-05-19 23:59:35,flavor8,4,8192
2015-05-19 23:59:35,flavor8,4,8192
2015-05-19 23:59:44,flavor8,4,8192
2015-05-19 23:59:44,flavor8,4,8192
2015-05-19 23:59:46,flavor8,4,8192
2015-05-20 00:06:27,flavor8,4,8192
2015-05-20 00:06:36,flavor8,4,8192
2015-05-20 00:06:37,flavor8,4,8192
2015-05-20 00:06:38,flavor8,4,8192
2015-05-20 00:06:38,flavor8,4,8192
2015-05-20 00:06:56,flavor8,4,8192
2015-05-20 00:13:20,flavor8,4,8192
2015-05-20 00:13:29,flavor8,4,8192
2015-05-20 00:13:50,flavor8,4,8192
2015-05-20 00:14:08,flavor8,4,8192
2015-05-20 00:14:08,flavor8,4,8192
2015-05-20 00:14:18,flavor8,4,8192
2015-05-20 00:17:07,flavor8,4,8192
2015-05-20 00:48:23,flavor8,4,8192
2015-05-20 00:48:23,flavor8,4,8192
2015-05-20 00:48:33,flavor8,4,8192
2015-05-20 01:12:57,flavor9,4,16384
2015-05-20 01:13:05,flavor8,4,8192
2015-05-20 01:16:50,flavor9,4,16384
2015-05-20 01:17:29,flavor2,1,2048
2015-05-20 01:17:29,flavor2,1,2048
2015-05-20 01:17:36,flavor2,1,2048
2015-05-20 01:17:37,flavor2,1,2048
2015-05-20 01:33:17,flavor8,4,8192
2015-05-20 02:44:07,flavor5,2,4096
2015-05-20 02:44:17,flavor6,2,8192
2015-05-20 02:44:17,flavor6,2,8192
2015-05-20 02:44:25,flavor5,2,4096
2015-05-20 02:44:25,flavor6,2,8192
2015-05-20 02:44:55,flavor6,2,8192
2015-05-20 02:50:59,flavor5,2,4096
2015-05-20 02:51:10,flavor5,2,4096
2015-05-20 02:51:36,flavor6,2,8192
2015-05-20 02:51:46,flavor6,2,8192
2015-05-20 02:58:02,flavor5,2,4096
2015-05-20 02:58:02,flavor6,2,8192
2015-05-20 02:58:10,flavor5,2,4096
2015-05-20 03:11:56,flavor5,2,4096
2015-05-20 03:50:52,flavor8,4,8192
2015-05-20 03:51:03,flavor9,4,16384
2015-05-20 03:51:12,flavor8,4,8192
2015-05-20 03:51:22,flavor8,4,8192
2015-05-20 17:44:52,flavor1,1,1024
2015-05-20 18:57:04,flavor6,2,8192
2015-05-20 19:00:04,flavor2,1,2048
2015-05-20 19:59:37,flavor8,4,8192
2015-05-20 23:14:47,flavor11,8,16384
2015-05-21 02:29:01,flavor5,2,4096
2015-05-21 02:45:09,flavor8,4,8192
2015-05-21 02:46:23,flavor5,2,4096
2015-05-21 02:46:32,flavor8,4,8192
2015-05-21 02:46:33,flavor5,2,4096
2015-05-21 02:46:33,flavor5,2,4096
2015-05-21 02:46:34,flavor5,2,4096
2015-05-21 02:46:35,flavor12,8,32768
2015-05-21 02:46:42,flavor8,4,8192
2015-05-21 02:46:42,flavor8,4,8192
2015-05-21 02:46:43,flavor8,4,8192
2015-05-21 02:46:52,flavor5,2,4096
2015-05-21 02:46:52,flavor5,2,4096
2015-05-21 02:46:52,flavor5,2,4096
2015-05-21 02:46:52,flavor8,4,8192
2015-05-21 02:46:53,flavor11,8,16384
2015-05-21 02:46:53,flavor5,2,4096
2015-05-21 02:46:53,flavor8,4,8192
2015-05-21 02:46:53,flavor5,2,4096
2015-05-21 02:47:01,flavor8,4,8192
2015-05-21 02:47:01,flavor8,4,8192
2015-05-21 02:51:15,flavor8,4,8192
2015-05-21 02:51:53,flavor10,8,8192
2015-05-21 02:52:21,flavor8,4,8192
2015-05-21 02:52:30,flavor5,2,4096
2015-05-21 03:15:00,flavor11,8,16384
2015-05-21 03:40:12,flavor12,8,32768
2015-05-21 03:41:09,flavor1,1,1024
2015-05-21 03:41:47,flavor5,2,4096
2015-05-21 03:41:47,flavor11,8,16384
2015-05-21 03:56:36,flavor11,8,16384
2015-05-21 03:56:36,flavor11,8,16384
2015-05-21 04:33:23,flavor2,1,2048
2015-05-21 17:27:08,flavor5,2,4096
2015-05-21 18:16:59,flavor7,4,4096
2015-05-21 19:51:46,flavor5,2,4096
2015-05-21 19:51:46,flavor6,2,8192
2015-05-21 20:05:00,flavor7,4,4096
2015-05-21 20:15:50,flavor5,2,4096
2015-05-21 21:27:34,flavor1,1,1024
2015-05-21 22:28:16,flavor8,4,8192
2015-05-22 19:50:56,flavor1,1,1024
2015-05-22 22:24:31,flavor8,4,8192
2015-05-23 18:40:04,flavor2,1,2048
2015-05-23 18:40:05,flavor2,1,2048
2015-05-23 18:40:14,flavor2,1,2048
2015-05-23 18:40:15,flavor2,1,2048
2015-05-24 18:33:45,flavor8,4,8192
2015-05-24 18:34:16,flavor8,4,8192
2015-05-24 21:57:25,flavor5,2,4096
2015-05-24 23:15:26,flavor6,2,8192
2015-05-25 01:29:11,flavor8,4,8192
2015-05-25 01:29:12,flavor8,4,8192
2015-05-25 01:29:21,flavor8,4,8192
2015-05-25 01:29:21,flavor8,4,8192
2015-05-25 04:10:18,flavor8,4,8192
2015-05-25 04:22:27,flavor3,1,4096
2015-05-25 04:26:03,flavor3,1,4096
2015-05-25 04:26:59,flavor9,4,16384
2015-05-25 04:35:35,flavor6,2,8192
2015-05-25 04:37:19,flavor9,4,16384
2015-05-25 04:45:17,flavor6,2,8192
2015-05-25 04:46:51,flavor12,8,32768
2015-05-25 04:48:06,flavor12,8,32768
2015-05-25 04:49:21,flavor12,8,32768
2015-05-25 17:08:31,flavor15,16,65536
2015-05-25 22:55:14,flavor9,4,16384
2015-05-25 22:55:23,flavor12,8,32768
2015-05-25 22:56:01,flavor9,4,16384
2015-05-25 23:55:28,flavor4,2,2048
2015-05-26 00:38:17,flavor1,1,1024
2015-05-26 00:40:57,flavor5,2,4096
2015-05-26 00:48:10,flavor11,8,16384
2015-05-26 01:00:58,flavor11,8,16384
2015-05-26 01:23:22,flavor11,8,16384
2015-05-26 01:29:55,flavor8,4,8192
2015-05-26 01:29:55,flavor9,4,16384
2015-05-26 01:30:04,flavor8,4,8192
2015-05-26 01:30:04,flavor8,4,8192
2015-05-26 01:30:04,flavor8,4,8192
2015-05-26 01:30:04,flavor8,4,8192
2015-05-26 01:30:05,flavor8,4,8192
2015-05-26 01:30:05,flavor8,4,8192
2015-05-26 01:30:05,flavor8,4,8192
2015-05-26 01:30:06,flavor8,4,8192
2015-05-26 01:30:06,flavor8,4,8192
2015-05-26 01:30:13,flavor8,4,8192
2015-05-26 01:30:13,flavor8,4,8192
2015-05-26 01:30:14,flavor8,4,8192
2015-05-26 01:30:15,flavor9,4,16384
2015-05-26 01:30:15,flavor8,4,8192
2015-05-26 01:30:25,flavor8,4,8192
2015-05-26 01:34:36,flavor8,4,8192
2015-05-26 01:34:38,flavor8,4,8192
2015-05-26 01:35:15,flavor8,4,8192
2015-05-26 01:38:01,flavor12,8,32768
2015-05-26 02:51:53,flavor11,8,16384
2015-05-26 03:00:55,flavor11,8,16384
2015-05-26 17:47:04,flavor8,4,8192
2015-05-26 17:47:06,flavor5,2,4096
2015-05-26 17:47:15,flavor6,2,8192
2015-05-26 17:47:16,flavor6,2,8192
2015-05-26 17:47:16,flavor6,2,8192
2015-05-26 17:47:23,flavor6,2,8192
2015-05-26 17:47:23,flavor6,2,8192
2015-05-26 17:47:23,flavor6,2,8192
2015-05-26 17:47:24,flavor6,2,8192
2015-05-26 17:47:25,flavor6,2,8192
2015-05-26 19:07:37,flavor5,2,4096
2015-05-26 19:29:32,flavor11,8,16384
2015-05-26 19:46:42,flavor5,2,4096
2015-05-26 22:21:41,flavor5,2,4096
2015-05-26 23:06:16,flavor2,1,2048
2015-05-26 23:06:17,flavor2,1,2048
2015-05-26 23:06:18,flavor2,1,2048
2015-05-26 23:06:35,flavor2,1,2048
2015-05-27 05:36:12,flavor9,4,16384
2015-05-27 14:09:26,flavor5,2,4096
2015-05-27 18:36:19,flavor6,2,8192
2015-05-27 18:36:19,flavor6,2,8192
2015-05-27 18:36:26,flavor9,4,16384
2015-05-27 18:36:38,flavor6,2,8192
2015-05-27 18:37:06,flavor6,2,8192
2015-05-27 18:37:15,flavor6,2,8192
2015-05-27 18:38:57,flavor6,2,8192
2015-05-27 18:39:35,flavor6,2,8192
2015-05-27 18:41:10,flavor6,2,8192
2015-05-27 18:51:20,flavor6,2,8192
2015-05-27 18:57:08,flavor8,4,8192
2015-05-27 22:10:40,flavor5,2,4096
2015-05-27 22:36:29,flavor12,8,32768
2015-05-27 23:17:18,flavor5,2,4096
2015-05-28 00:01:27,flavor5,2,4096
2015-05-28 04:02:37,flavor5,2,4096
2015-05-28 04:02:38,flavor6,2,8192
2015-05-28 04:02:46,flavor5,2,4096
2015-05-28 04:02:46,flavor5,2,4096
2015-05-28 04:02:46,flavor6,2,8192
2015-05-28 04:02:47,flavor5,2,4096
2015-05-28 04:02:47,flavor5,2,4096
2015-05-28 04:02:48,flavor6,2,8192
2015-05-28 04:02:48,flavor5,2,4096
2015-05-28 04:02:55,flavor6,2,8192
2015-05-28 04:02:55,flavor5,2,4096
2015-05-28 04:02:56,flavor5,2,4096
2015-05-28 04:02:57,flavor6,2,8192
2015-05-28 04:03:06,flavor5,2,4096
2015-05-28 04:03:06,flavor5,2,4096
2015-05-28 04:28:28,flavor7,4,4096
2015-05-28 04:29:03,flavor7,4,4096
2015-05-28 04:29:14,flavor8,4,8192
2015-05-28 04:29:14,flavor8,4,8192
2015-05-28 04:29:23,flavor7,4,4096
2015-05-28 04:29:43,flavor8,4,8192
2015-05-28 05:56:16,flavor8,4,8192
2015-05-28 20:41:50,flavor5,2,4096
2015-05-28 22:13:19,flavor9,4,16384
2015-05-28 22:13:20,flavor9,4,16384
2015-05-28 22:13:20,flavor9,4,16384
2015-05-28 22:41:21,flavor1,1,1024
2015-05-28 23:05:55,flavor12,8,32768
2015-05-28 23:06:03,flavor12,8,32768
2015-05-28 23:06:04,flavor12,8,32768
2015-05-28 23:06:04,flavor12,8,32768
2015-05-28 23:06:05,flavor12,8,32768
2015-05-28 23:06:12,flavor12,8,32768
2015-05-29 00:07:03,flavor14,16,32768
2015-05-29 00:07:04,flavor14,16,32768
2015-05-29 00:11:45,flavor14,16,32768
2015-05-29 00:12:52,flavor11,8,16384
2015-05-29 00:13:00,flavor11,8,16384
2015-05-29 00:13:01,flavor11,8,16384
2015-05-29 00:13:18,flavor11,8,16384
2015-05-29 00:13:20,flavor11,8,16384
2015-05-29 00:13:20,flavor11,8,16384
2015-05-29 00:13:21,flavor11,8,16384
2015-05-29 00:13:21,flavor11,8,16384
2015-05-29 00:13:28,flavor11,8,16384
2015-05-29 00:13:29,flavor11,8,16384
2015-05-29 00:13:39,flavor11,8,16384
2015-05-29 10:57:31,flavor4,2,2048
2015-05-30 02:45:22,flavor1,1,1024
